ordenes,q,obj,time,gap,precision
70,1.4456521739130435,82.16304347826096,1,0.25,2
70,3.1224489795918386,36.46938775510202,1,0.25,2
70,4.10810810810811,4.972972972972879,1,0.25,2
70,4.285714285714284,1.5714285714285854,1,0.25,2
70,4.416666666666666,2.1316282072803006E-14,1,0.25,2
