order,items,uniqueItems,isUsed,rareness
0,4,2,True,0.4583311805658564
1,2,4,True,0.49999750001249993
2,3,6,True,0.4166647222314814
3,5,9,False,0.7083300694598379
4,1,1,False,0.24999875000624996
