order,items,uniqueItems,isUsed,rareness
0,3,2,False,0.9999900000999988
1,2,0,True,0.9999900000999989
2,1,3,False,0.9999900000999989
3,1,1,False,0.9999900000999989
4,2,4,False,0.9999900000999989
5,1,5,False,0.9999900000999989
6,1,6,False,0.9999900000999989
