it,obj,tiempo
0,150.05555555555557,10
1,155.66666666666663,28
2,155.82352941176478,30
3,155.9411764705882,31
4,155.9411764705882,496
