it,obj,tiempo
0,554.9999999999999,24
1,561.1818181818181,115
2,561.2727272727274,129
3,562.2727272727273,149
4,566.5454545454547,178

