it,obj,tiempo
0,16.018348623853168,12
1,16.31775700934579,18
2,16.471698113207566,38
3,16.54285714285712,41
4,16.93137254901958,168
5,16.951456310679585,174
6,16.95145631067965,143
