it,obj,tiempo
0,17.190184049079754,0
1,17.622641509433997,0
2,77.8333333333335,2
3,87.56250000000001,0
4,101.26666666666668,4
5,123.07692307692311,6
6,127.36363636363632,7
7,140.1,3
8,144.89473684210532,12
9,152.33333333333326,13
10,155.47058823529414,27
11,155.94117647058823,16
12,155.9411764705882,505
