it,obj,tiempo
0,16.25471698113203,15
1,16.471698113207527,1
2,16.673076923076906,41
3,16.778846153846153,2
4,17.02941176470586,262
5,17.030303030303035,5
6,17.03030303030305,268
