it,obj,tiempo
0,554.9999999999999,24
1,561.1818181818181,31
2,566.1818181818182,148
3,567.6363636363637,160
4,567.6363636363635,230
