it,obj,tiempo
0,153.50000000000003,10
1,154.7777777777778,17
2,155.66666666666663,36
3,155.66666666666674,15
4,155.88235294117644,485
5,155.94117647058823,16
6,155.9411764705882,16
