ordenes,pasillos,usados,obj,tiempo,it
1029,375,48,15.979166666666666,182,4
1602,383,104,16.692307692307693,241,4
1029,375,20,16.85,242,5
1602,383,104,16.759615384615383,181,3
