ordenes,pasillos,usados,obj,tiempo,it
45112,482,10,897.6,1797,6
2448,163,17,155.94117647058823,1796,30
28263,483,11,566.5454545454545,1797,4
