ordenes,pasillos,usados,obj,tiempo,it
1602,383,102,16.931372549019606,596,17
1602,383,101,17.059405940594058,596,15
1602,383,101,16.99009900990099,596,10
1602,383,101,17.02970297029703,597,8
1602,383,98,17.051020408163264,597,100
1602,383,108,16.166666666666668,32,5
1602,383,109,16.01834862385321,11,4
1602,383,111,15.72972972972973,11,4
1602,383,108,16.166666666666668,22,5
1602,383,111,15.72972972972973,11,4
1602,383,108,16.166666666666668,22,5
