ordenes,pasillos,usados,obj,tiempo,it
1029,375,29,16.413793103448278,183,4
1602,383,103,16.932038834951456,301,5
