ordenes,pasillos,usados,obj,tiempo,it
1029,375,20,16.85,243,5
1602,383,103,16.95145631067961,181,3
1029,375,28,16.321428571428573,183,4
1602,383,104,16.64423076923077,181,3
