ordenes,obj,tiempo,it
5581,82.5,18,6
12334,227.1,69,3
2070,149.6,51,4
2162,180.63636363636363,31,4
11541,162.4,78,2
11321,631.5,22,6
6468,368.0,6,5
14952,444.0,46,3
2448,153.33333333333334,62,1
1857,82.0952380952381,62,1
1841,108.0,1,6
