ordenes,obj,tiempo,it
2185,162.94117647058823,125,5, clique -1
2185,162.94117647058823,132,5, clique 3
2185,162.94117647058823,49,3, covers -1
2185,162.94117647058823,104,5, covers 3
2185,162.94117647058823,142,5, disjunitve -1
2185,162.94117647058823,129,5, gomory -1
2185,162.94117647058823,155,5, implied -1
2185,162.94117647058823,152,5, MIRCut -1
2185,162.94117647058823,127,5, LiftProj -1
2185,162.94117647058823,50,3, ZeroHaltCut -1
2185,162.94117647058823,48,3, cover y zero -1
